{
    "current": {
        "min": 22.688623,
        "typ": 25.136839,
        "max": 27.585056
    }
}